Judul,Video ID,Channel,Hari Upload
Menu MBG Makan Bergizi Gratis Pak Prabowo #mbg #food #shortvideo #prabowo,uETKfAMFT2Y,SPPG REMBANG,2026-09-30T00:40:35Z
"Mengejutkan! Yang Lain Makan MBG, Siswa Ini Tetap Bawa Bekal",5NE-k9OuKb0,Warga +62,2026-09-29T03:00:08Z
Menu MBG Makan Bergizi Gratis Pak Prabowo #mbg #food #shortvideo #prabowo,J8UL6AjDi2Y,SPPG REMBANG,2026-09-29T11:27:02Z
"Ratusan Warga Batang Diduga Keracunan Menu MBG, Satu Siswa di Lampung Meninggal",L6BfWGSgi3g,CNN Indonesia,2026-09-24T11:45:15Z
🚚 Mobil MBG Ajaib! Bisa Terbang &amp; Menyelam | Lagu Anak,JGOqOtMKtUo,KSG Kids Indonesia,2026-08-27T10:30:34Z
Menu MBG Makan Bergizi Gratis Pak Prabowo #mbg #food #lunchbox #shortvideo #prabowo,Skn28mUT-Xw,SPPG REMBANG,2026-09-29T04:05:26Z
Menu MBG Makan Bergizi Gratis Pak Prabowo #mbg #food #shortvideo #prabowo,-kre-LDdM4k,SPPG REMBANG,2026-09-29T22:31:31Z
[FULL] Gema Goeyardi Ngegas ke Pengamat Soal Kasus MBG: Jangan Sok Paling Pintar Kalian | NTV,C9TL24Z3p6Q,Nusantara TV,2026-09-16T16:02:11Z
M.B.G (Mas Bahlil Ganteng) 🎵 Full Lirik Lagu Viral 2026,zPWA5SX2uPc,Jadi Gini Sob... ,2026-05-28T09:34:01Z
MBG GURU Day 115: Segar Gurih Bikin Nambah! Chicken Roll Saus Asam Manis + Pepaya 🍗🍍 #shorts #mbg,47qliiXCrXM,Om Roy Jo BojoO,2026-09-30T07:03:52Z
DJ MBG MAS BAHLIL GANTENG FYP TIKTOK BASS HOREG TERBARU 2026,tzkg9A6xG0E,SIMUS MUSIC,2026-05-29T02:28:40Z
Menu MBG Makan Bergizi Gratis Pak Prabowo #mbg #food #shortvideo #prabowo,ocXcmuYrWRw,SPPG_PADILHIDAYAH.BDG.,2026-09-30T00:36:20Z
Menu MBG makan Bergizi Gratis pak Prabowo Subianto #mbg #food #lunchbox #shortvideo #prabowo,17QADaudv3E,SPPG_PADILHIDAYAH.BDG.,2026-09-30T00:44:39Z
Menu MBG makan Bergizi Gratis pak Prabowo Subianto #mbg #food #lunchbox #shortvideo #prabowo,FZPRFR6PHIQ,SPPG_PADILHIDAYAH.BDG.,2026-09-30T00:42:58Z
Menu MBG makan Bergizi Gratis pak Prabowo Subianto #mbg #food #lunchbox #shortvideo #prabowo,YCg-Dji1z_4,SPPG_PADILHIDAYAH.BDG.,2026-09-30T00:43:41Z
Menu MBG makan Bergizi Gratis pak Prabowo Subianto #mbg #food #lunchbox #shortvideo #prabowo,X7rObUZ_dZc,SPPG_PADILHIDAYAH.BDG.,2026-09-30T00:43:13Z
Menu MBG makan Bergizi Gratis pak Prabowo Subianto #mbg #food #lunchbox #shortvideo #prabowo,rE6nEOLtHVE,SPPG_PADILHIDAYAH.BDG.,2026-09-30T00:43:29Z
MBG GURU Day 114: Manis Gurih Meresap! Semur Daging Empuk + Tahu + Semangka 🥩🧆🍉 #shorts #mbg,SFo1ExuMLcU,Om Roy Jo BojoO,2026-09-29T12:16:43Z
MAHFUD MD BONGKAR NASIB MBG &amp; KOPDES! “BISA JADI BANGKAI” JIKA PRABOWO TAK LANJUT 2029 #mahfudmd,L9Ko_tf8Nfo,Politika Insight,2026-09-30T09:00:05Z
Menu MBG Makan Bergizi Gratis Pak Prabowo #mbg #food #shortvideo #prabowo,mqZvzHkma6c,SPPG REMBANG,2026-09-30T03:08:12Z
Menu MBG Makan Bergizi Gratis Pak Prabowo #mbg #food #shortvideo #prabowo,KhpfCebRQKk,SPPG_PADILHIDAYAH.BDG.,2026-09-29T00:39:08Z
Menu MBG Makan Bergizi Gratis Pak Prabowo #mbg #food #shortvideo #prabowo,yW_9NEq5-98,SPPG_PADILHIDAYAH.BDG.,2026-09-29T00:38:45Z
Menu MBG Makan Bergizi Gratis Pak Prabowo #mbg #food #shortvideo #prabowo,2QLD8s2d8Ds,SPPG_PADILHIDAYAH.BDG.,2026-09-30T00:37:19Z
Roda Mobil MBG Berputar Putar | Lagu Anak Edukatif dan Ceria,L0yabtKTMzw,KING (Kids Songs),2026-05-02T10:00:36Z
Menu MBG makan Bergizi Gratis pak Prabowo Subianto #mbg #food #lunchbox #shortvideo #prabowo,FIa3F4U41XQ,SPPG_PADILHIDAYAH.BDG.,2026-09-29T00:43:45Z
Menu MBG Makan Bergizi Gratis Pak Prabowo #mbg #food #shortvideo #prabowo,wl6GHng4Y1o,SPPG_PADILHIDAYAH.BDG.,2026-09-30T00:39:23Z
Dj MBG (Mas Bahlil Ganteng) ~ Dj Yeppy Fvnky || Dance Fitness || Tiktok Viral || Happy Role Creation,xjeiUBfYRmA,Happy Role,2026-06-09T10:15:18Z
MBG (Mas Bahlil Ganteng) - Shanty Salsa OM NIRWANA COMEBACK | Dangdut Koplo Terbaru,5Ju9xfMtf5o,iYon Nirwana,2026-06-13T02:52:34Z
Paper toys MBG🍱Guess the MBG Nasi🍚+Kepiting🦀#diy #papertoy #mbg #kepiting  #papercraft #crab #shorts,d7haPtOqoDk,sahabat ilmu,2026-09-29T23:07:27Z
Wapres Tolak MBG #trending #mbg,g4FkcxuE3i8,Kilas Kepo,2026-09-30T07:42:32Z
mbg mas balik ganteng,Bukan Video (Channel/Playlist),Nasya sasya,2026-06-01T13:16:54Z
Menu MBG Makan Bergizi Gratis Pak Prabowo #mbg #food #lunchbox #shortvideo #prabowo,9LuKF4oNkHQ,SPPG REMBANG,2026-09-30T03:49:38Z
Tersangka baru dalam kasus Dugaan korupsi MBG ! #mbg#korupsi#,LMfv3L5X3Lo,Tukang komen,2026-09-30T08:15:21Z
Regional Lobbies with Madhu Pennam Gaming 🔥😈 | Once Again! | Free Fire Telugu Live #MBG,5JZzhGogYxc,Munna bhai gaming,2026-09-25T17:10:13Z
menurut kalian lagu MBG(mas Bahlil ganteng)versi DANGDUT ini bagus ga!?#food #makan #mbg #shorts,AwJt1TZVQAY,Ewa Channel,2026-09-29T01:20:46Z
Paper toys MBG🍱Guess the MBG Nasi 🍚+Rendang 🥩#diy #papertoy #mbg #nasi #rendang #papercraft #shorts,Xy2DFYWWbo8,sahabat ilmu,2026-09-28T23:03:34Z
malah tertarik mbg,gR7soAErcFQ,Kucing Lokal Shorts,2026-09-30T10:00:04Z
Menu MBG makan Bergizi Gratis pak Prabowo Subianto #mbg #food #lunchbox #shortvideo #prabowo,zeSkyhcFpbM,SPPG_PADILHIDAYAH.BDG.,2026-09-30T00:44:53Z
NEW SKILL UNLOCKED 🔓😂 Mindahin Sisa MBG Tanpa Tumpah! #viral #trending #mbg,7JKzt2FQBNA,Al-Hamdaniyah Official,2026-09-30T10:00:13Z
Menu MBG Makan Bergizi Gratis Pak Prabowo #mbg #food #shortvideo #prabowo,ar6S-EXa1cs,SPPG_PADILHIDAYAH.BDG.,2026-09-30T00:38:47Z
"VIRAL! GURU SINDIR PRABOWO usai Murid Tolak MBG karena Takut Keracunan, Bahas Gaji Rp300 Ribu",TuvhSJgA9AY,Tribunnews Bogor,2026-09-30T06:36:47Z
Menu MBG Makan Bergizi Gratis Pak Prabowo #mbg #food #shortvideo #prabowo,btAkJpmi_RE,SPPG REMBANG,2026-09-29T00:30:19Z
Hukuman Buat Penolak MBG 💀 #shorts #meme #mbg,XAP200DZ1-k,EzeeDMeme,2026-09-30T08:02:40Z
MBG MASIH BERHASIL KATANYA #shorts #mbg #prabowo,OV-En09igsc,PERCAYA GAK PERCAYA,2026-09-30T05:00:17Z
MBG (Mas Bahlil Ganteng) - Lagu Viral Tiktok Lucu Komentar Nitizen Terbaru 2026,mM35n-uYhlk,Nostalgia 70s 80s 90s,2026-05-03T23:00:55Z
Menu MBG Makan Bergizi Gratis Pak Prabowo #mbg #food #shortvideo #prabowo,uT8l8bwXeBU,SPPG REMBANG,2026-09-28T22:04:12Z
Menu MBG Makan Bergizi Gratis Pak Prabowo #mbg #food #shortvideo #prabowo,mkzONTenK78,SPPG_PADILHIDAYAH.BDG.,2026-09-30T00:36:42Z
"Makan MBG hari ini ada nasi, jamur bakso viral, tahu kuah kuning, buah melon nanas &amp; susu, #shorts",Z-Vk5rER6T0,Gina Alghifari,2026-09-30T01:25:49Z
terdiam🗿 #gabut #mbg #core #meme #funny #shorts,_xFSpNuSJaE,ARULL,2026-09-29T04:50:57Z
DJ MBG MAS BAHLIL GANTENG SLOW VIRAL TIKTOK FULL SONG MAMAN FVNDY 2026,XZdpbNqTB1M,Maman Fvndy Rmx,2026-05-29T12:00:06Z
