Judul,Video ID,Channel,Hari Upload,waktu
Blak-blakan 😱 Ahok Pernah Ditawari Proyek Dapur MBG #Ahok #MBG #PolitikIndonesia,Gxq5GdH1cdA,𝙈 𝙄 𝙉 𝘿 𝙎 𝙀 𝙏,2026-10-07T13:57:23Z,2026-10-07
Ketika Siswa Ini Keren Berbagi Mbg Yang Gak Kemakan,8UsbE9i-Thc,A&Fchannel,2026-10-07T13:01:01Z,2026-10-07
"BGN Uji Coba MBG Prasmanan! Siswa Ambil Makanan Sendiri, Lebih Fresh dan Hangat |iNews Prime (5/10)",7wno8n8KQIA,Official iNews,2026-10-05T15:32:24Z,2026-10-05
Menu MBG Makan Bergizi Gratis Pak Prabowo #mbg #food #shortvideo #prabowo,HWog5l_ib1k,SPPG REMBANG,2026-10-07T01:11:58Z,2026-10-07
"MBG 10.000, Benar Bergizi? - Ustadz Das&#39;ad Latif #ustadzdasadlatif #shorts #ytshorts #youtubeshorts",ofROs7Nw5CA,Waktu Dakwah,2026-10-07T06:25:52Z,2026-10-07
DAPET SURPRISE MAINAN MBG-MBGAN DARI MAMA #shorts #viral #mainan #mbg #lucu #unboxing #toys #makanan,Gxu8dKyiFSo,Kinar Rembulan,2026-10-04T02:22:27Z,2026-10-04
M.B.G (Mas Bahlil Ganteng) 🎵 Full Lirik Lagu Viral 2026,zPWA5SX2uPc,Jadi Gini Sob... ,2026-05-28T09:34:01Z,2026-05-28
"Uji Coba MBG Prasmanan di Blora, Siswa Ambil Sendiri, Makanan Masih Hangat",PitNu1pmZ5o,Kompas.com,2026-10-05T13:51:25Z,2026-10-05
Cerita seram hantu anak SD bawa MBG berdarah,8MtdtHuO5OM,Arfandi Moko,2026-10-07T04:01:07Z,2026-10-07
TUOLOL! Mahasiswa bantah logika ngaco #shorts #viral #trending #mbg #demo #rupiahmelemah,BU1jf-eRuQ8,RuangBaca,2026-06-15T15:48:02Z,2026-06-15
🚚 Mobil MBG Ajaib! Bisa Terbang &amp; Menyelam | Lagu Anak,JGOqOtMKtUo,KSG Kids Indonesia,2026-08-27T10:30:34Z,2026-08-27
Ketika Bu Guru Ini Kena Tipu Dimsum Mbg,lUJNYk8EzqU,A&Fchannel,2026-10-06T12:13:02Z,2026-10-06
apa jadinya kalau MBG di pasrah kan sama budhe ini #shorts #mbg #warteg,diAN-g3kKtc,Shakila ANIMATION,2026-10-07T09:00:30Z,2026-10-07
Insentif Dapur MBG Dipangkas! Sudaryono: Mitra Tak Bisa Lagi Untung Gede-Gedean,Zn3s3oTwVFk,KONTAN TV,2026-10-06T05:18:23Z,2026-10-06
Serba Serbi MBG Makan Bergizi Gratis #shorts,P1NbOV7avUs,Issei Nugroho,2025-09-26T09:49:17Z,2025-09-26
"Bahas MBG, Ombudsman RI Bertemu Kepala BGN",-QBYyLr5Xtw,Ombudsman RI,2026-10-07T08:53:14Z,2026-10-07
"Saat Makan MBG, Siswi Ini Jadi yang Paling Untung di Kelas Karena Dapat Banyak Sayur! 😂",7ret5xHYaJg,Kabar Simpang Siur,2026-09-04T05:49:25Z,2026-09-04
Menu MBG Makan Bergizi Gratis Pak Prabowo #mbg #food #shortvideo #prabowo,0sZBSPpwz8o,SPPG REMBANG,2026-06-07T08:46:14Z,2026-06-07
MBG makan Bergizi Gratis dari pak Prabowo Subianto 🇮🇩,WOuGyGOi0KA,SPPG_PADILHIDAYAH.BDG.,2026-04-19T00:39:18Z,2026-04-19
Menu MBG Makan Bergizi Gratis Pak Prabowo #mbg #food #lunchbox #shortvideo #prabowo,58hs_fV-1aw,SPPG REMBANG,2026-10-07T03:53:41Z,2026-10-07
AWAS AWAS MOBIL MBG MUNDUR NIH😅 #mbg#driver#fypシ#makanbergizigratis#prabowo#shorts#enak#anakpintar,YWCM9xO7Vww,MAGP FAMILLY CHANNEL,2026-10-07T04:11:23Z,2026-10-07
Menu MBG makan Bergizi Gratis pak Prabowo Subianto #mbg #food #lunchbox #shortvideo #prabowo,xvDOOtKkZHY,SPPG_PADILHIDAYAH.BDG.,2026-10-07T00:36:31Z,2026-10-07
"Cegah Risiko Keracunan, BGN Uji Coba MBG Sistem Prasmanan",jO5HDGlW868,RAKYAT SULSEL,2026-10-07T06:01:16Z,2026-10-07
Menu MBG Makan Bergizi Gratis Pak Prabowo #mbg #food #shortvideo #prabowo,2h2g5yVp9Ko,SPPG REMBANG,2026-10-06T23:11:15Z,2026-10-06
Ladang k0rupsi Makan Bergizi Gratis tidak tepat sasaran #makanbergizigratis #mbg,oomkutyJGx4,Elmeera tv,2025-09-19T14:35:33Z,2025-09-19
Roda Mobil MBG Berputar Putar | Lagu Anak Edukatif dan Ceria,L0yabtKTMzw,KING (Kids Songs),2026-05-02T10:00:36Z,2026-05-02
SIDAK DAPUR MBG JAM 2 PAGI. SEBEGITU RAWANKAH?,Q-NfZ4bzkcI,ABANG TV,2026-10-07T00:45:22Z,2026-10-07
Yuta Mio VS Pasukan MOBIL MBG HANTU Di Kota Sakura,QrYKm0t-KEY,Saku isi,2026-04-27T23:00:20Z,2026-04-27
Menu MBG makan Bergizi Gratis pak Prabowo Subianto #mbg #food #lunchbox #shortvideo #prabowo,2ZzpasjB4Dg,SPPG_PADILHIDAYAH.BDG.,2026-10-07T00:37:26Z,2026-10-07
Siswa Ini Heran Lihat Lauk di Menu MBG,SowOyqgOGWs,Warga +62,2026-09-13T11:00:16Z,2026-09-13
BGN Uji Coba MBG dengan Sistem Prasmanan di Lebih dari 60 SPPG,R1Dp9LtyM_c,The Phrase Indonesia,2026-10-07T05:00:29Z,2026-10-07
Dj MBG (Mas Bahlil Ganteng) ~ Dj Yeppy Fvnky || Dance Fitness || Tiktok Viral || Happy Role Creation,xjeiUBfYRmA,Happy Role,2026-06-09T10:15:18Z,2026-06-09
pilih mbg kamu jika kamu👉#mbg #roblox #aestheic #robloxedit #robloxshorts,q-8HMLOqHiY,bantu subs ygy 🤍,2026-10-06T14:43:58Z,2026-10-06
Menu MBG Makan Bergizi Gratis Pak Prabowo #mbg #food #shortvideo #prabowo,fgOyP6TeTWk,SPPG REMBANG,2026-10-06T00:35:58Z,2026-10-06
"Menu MBG hari ini, Ayam bakar Jimbaran 👌 #mbg #food #prabowo",JBcY4issgqk,SPPG MASARAN,2026-10-07T03:43:54Z,2026-10-07
Menu MBG makan Bergizi Gratis pak Prabowo Subianto #mbg #food #lunchbox #shortvideo #prabowo,ZFkgqLZE6Sk,SPPG_PADILHIDAYAH.BDG.,2026-10-06T00:35:13Z,2026-10-06
"Banyak Siswa Tak Mau Makan MBG, Siswi Ini Malah Dapat Berkah",zm19rE-fBTU,Warga +62,2026-10-05T11:00:38Z,2026-10-05
Menu MBG makan Bergizi Gratis pak Prabowo Subianto #mbg #food #lunchbox #shortvideo #prabowo,wf7LGQCsRwk,SPPG_PADILHIDAYAH.BDG.,2026-10-07T00:32:52Z,2026-10-07
Ratusan Pelajar di Indramayu Diduga Keracunan Karena MBG,gRmUN5oNrTU,KOMPASTV MADIUN,2026-10-06T12:21:26Z,2026-10-06
Menu MBG Makan Bergizi Gratis Pak Prabowo #mbg #food #shortvideo #prabowo,ztVC_kTd1tQ,SPPG REMBANG,2026-10-06T02:02:01Z,2026-10-06
DJ MBG MAS BAHLIL GANTENG FYP TIKTOK BASS HOREG TERBARU 2026,tzkg9A6xG0E,SIMUS MUSIC,2026-05-29T02:28:40Z,2026-05-29
Menu MBG makan Bergizi Gratis pak Prabowo Subianto #mbg #food #lunchbox #shortvideo #prabowo,xPqMleYEAFw,SPPG_PADILHIDAYAH.BDG.,2026-10-06T00:34:33Z,2026-10-06
Menu MBG Makan Bergizi Gratis Pak Prabowo #mbg #food #shortvideo #prabowo,VygEb67dgMw,SPPG REMBANG,2026-10-06T01:05:22Z,2026-10-06
DJ MBG MAS BAHLIL GANTENG PARTY GAYENG TERBARU !! Fatur Production,WEyZB3IHYZ0,FATUR PRODUCTION,2026-06-09T02:00:01Z,2026-06-09
Munna bhai gaming,Bukan Video (Channel/Playlist),Munna bhai gaming,2017-04-09T15:04:39Z,2017-04-09
Edhi Entra Edhi...?! 😶 #shorts #freefire #freefiretelugu #mbg,CRMevdZ_q2g,MBG ARMY,2026-09-25T10:30:00Z,2026-09-25
Menu MBG makan Bergizi Gratis pak Prabowo Subianto #mbg #food #lunchbox #shortvideo #prabowo,9ov684iPZfw,SPPG_PADILHIDAYAH.BDG.,2026-10-07T00:37:53Z,2026-10-07
[FULL] Gema Goeyardi Ngegas ke Pengamat Soal Kasus MBG: Jangan Sok Paling Pintar Kalian | NTV,C9TL24Z3p6Q,Nusantara TV,2026-09-16T16:02:11Z,2026-09-16
Menu MBG makan Bergizi Gratis pak Prabowo Subianto #mbg #food #lunchbox #shortvideo #prabowo,p5hYVYwqvcc,SPPG_PADILHIDAYAH.BDG.,2026-10-07T00:36:13Z,2026-10-07
ULTRAMAN BANTU BAGIKAN MBG DI SEKOLAH #ultraman #mbg #makanbergizigratis #makansiang #guru #sekolah,773-sKUOGZw,ENIGMA STUDIO,2025-09-25T10:54:56Z,2025-09-25
